trade_id,signal_id,pair,side,entry_time,exit_time,entry_price,exit_price,stop_price,target_price,quantity,entry_fee,exit_fee,fees,gross_pnl,net_pnl,reason,hold_seconds,mfe_price,mae_price,mfe_pct,mae_pct,mfe_r,mae_r,signal_source,ai_confidence
0bfe6bc3b2554f94bc68b0146e1c7faa,B-SUI_USDT-1789811100000-1,B-SUI_USDT,LONG,2026-09-19T09:50:01.161550+00:00,2026-09-19T13:29:07.405118+00:00,0.8363672400000001,0.84703056,0.8321854038000001,0.8447309124000001,60212.34528332432,25.179816519270492,25.50084827212378,50.68066479139427,642.0635057065731,591.3828409151788,TAKE_PROFIT,13146.243553,0.8363672400000001,0.8363672400000001,0.0,0.0,0.0,0.0,TW_FILTERED_PLUS_AI,82.0
16179174c266475a8246447bf5e88316,B-FIL_USDT-1789939800000-1,B-FIL_USDT,LONG,2026-09-20T21:38:26.977828+00:00,2026-09-20T21:41:11.850056+00:00,0.94878972,0.94371122,0.9440457713999999,0.9582776171999999,53389.41115318849,25.32766222949929,25.19209316722856,50.519755396727845,-271.138124541467,-321.65787993819487,STOP_LOSS,164.872216,0.9521,0.9429,0.0034889501121491903,0.006207613632238751,0.697790022429838,1.2415227264477502,TW_FILTERED_PLUS_AI,92.0
1d312fb3a3c54b21aefeaee9b958b268,B-WLD_USDT-1789953300000-1,B-WLD_USDT,LONG,2026-09-21T01:22:22.272244+00:00,2026-09-21T01:24:21.571203+00:00,0.44478893999999997,0.4424115,0.4425649953,0.4492368294,113524.62028176663,25.24724775951474,25.112298772893404,50.359546532408146,-269.89797324267795,-320.25751977508605,STOP_LOSS,119.298945,0.4456,0.441,0.0018234715998109803,0.008518512173436604,0.36469431996219603,1.7037024346873209,TW_FILTERED_PLUS_AI,92.0
f6314b55bb7846888ba47ea6c4709daa,B-PENGU_USDT-1790229600000-1,B-PENGU_USDT,LONG,2026-09-24T06:05:52.739006+00:00,2026-09-24T06:06:36.924785+00:00,0.010029005399999999,0.0099710054,0.009978860372999998,0.010129295453999999,5018879.215993037,25.167183379570968,25.02163588230717,50.18881926187814,-291.09499452759127,-341.28381378946943,STOP_LOSS,44.185764,0.010037,0.00991,0.0007971478408020224,0.011866121838961076,0.1594295681604045,2.3732243677922154,TW_FILTERED_PLUS_AI,92.0
f01e9ca4c5ce4d958904c192ab20841a,B-XAG_USDT-1790231400000--1,B-XAG_USDT,SHORT,2026-09-24T06:35:09.456778+00:00,2026-09-24T07:32:59.780110+00:00,64.07718200000001,64.41288,64.39756791,63.43641018000001,782.8640911868939,25.0818624261236,25.21326538096523,50.29512780708883,-262.80590968325293,-313.1010374903418,STOP_LOSS,3470.323318,64.15436400000002,63.764364000000015,0.0012045161411749915,0.004881893838589732,0.2409032282349983,0.9763787677179464,TW_FILTERED_PLUS_AI,24.0
cf61f971ef09414992a0c068691385cc,B-BZ_USDT-1790235900000-1,B-BZ_USDT,LONG,2026-09-24T07:50:15.240226+00:00,2026-09-24T08:09:05.221832+00:00,98.47969199999999,99.62007200000001,97.98729353999998,99.46448891999998,507.7917418090832,25.003587166751014,25.29312494001314,50.296712106764154,579.0755465242534,528.7788344174892,TAKE_PROFIT,1129.981586,99.47,98.09,0.010055961588507132,0.0039570798007774275,2.0111923177014264,0.7914159601554854,TW_FILTERED_PLUS_AI,92.0
fc57f476c88840ea8e3a7c54caa6fb86,B-ZEC_USDT-1790240400000--1,B-ZEC_USDT,SHORT,2026-09-24T09:05:17.412733+00:00,2026-09-24T09:22:16.365480+00:00,1500.769786,1485.367014,1508.2736349299998,1485.76208814,33.49718539090497,25.135781875355388,24.877807120746468,50.01358899610186,515.9495092178448,465.93592022174295,TAKE_PROFIT,1018.952733,1515.9395720000002,1484.2595720000002,0.010108003333697282,0.011001163638831348,2.0216006667394564,2.2002327277662697,TW_FILTERED_PLUS_AI,24.0
4e417e636a704f67aebd41da45d17d88,B-XAU_USDT-1790241900000--1,B-XAU_USDT,SHORT,2026-09-24T09:30:03.209859+00:00,2026-09-24T12:52:59.296254+00:00,4259.138002,4283.836595999999,4280.4336920099995,4216.54662198,11.857923290371385,25.25226585541082,25.39870287192683,50.65096872733765,-292.87403303202103,-343.5250017593587,STOP_LOSS,12176.086381,4269.166004,4238.276003999999,0.002354467499125664,0.0048981737596208354,0.47089349982513273,0.979634751924167,TW_FILTERED_PLUS_AI,34.0
4e5d62c8033146ec899272e8d5fd7d4a,B-NIL_USDT-1790256000000--1,B-NIL_USDT,SHORT,2026-09-24T13:25:15.365973+00:00,2026-09-24T13:26:38.689616+00:00,0.115396916,0.116263248,0.11597390057999998,0.11424294684,436170.8350155732,25.16638460497098,25.355318980891333,50.52170358586231,-377.86875184071044,-428.39045542657277,STOP_LOSS,83.323632,0.116473832,0.10258383200000001,0.009332277129485828,0.11103489108842379,1.8664554258971655,22.206978217684757,TW_FILTERED_PLUS_AI,24.0
9b4551f3af0e464c9a04c426781ef4f7,B-LTC_USDT-1790257800000-1,B-LTC_USDT,LONG,2026-09-24T13:55:12.011712+00:00,2026-09-24T13:58:36.528370+00:00,70.434084,71.205756,70.08191357999999,71.13842484,711.5670586733077,25.059286991114337,25.333835178764613,50.39312216987895,549.0963753005453,498.7032531306663,TAKE_PROFIT,204.516644,71.16,68.6,0.010306317038211188,0.02603972247300049,2.0612634076422376,5.207944494600098,TW_FILTERED_PLUS_AI,82.0
dd041dd06b3c4f22b419af996c7cb1b2,B-XRP_USDT-1790258400000-1,B-XRP_USDT,LONG,2026-09-24T14:05:13.159691+00:00,2026-09-24T14:26:18.820821+00:00,1.5008001,1.5156968,1.4932960995,1.515808101,33560.715786728695,25.183962804397,25.433934761827082,50.61789756622409,499.9439148601609,449.3260172939368,TAKE_PROFIT,1265.66112,1.5158,1.4974,0.009994602212513222,0.002265524902350357,1.9989204425026443,0.45310498047007136,TW_FILTERED_PLUS_AI,92.0
847708a2ccb049879a9fc91d756c8c5d,B-ZEC_USDT-1790259900000-1,B-ZEC_USDT,LONG,2026-09-24T14:30:03.503492+00:00,2026-09-24T14:36:34.951305+00:00,1531.516242,1521.0657259999998,1523.85866079,1546.83140442,13.213725647825282,10.118517723488194,10.04947259783709,20.167990321325284,-138.09025130220988,-158.25824162353516,STOP_LOSS,391.4478,1534.49,1511.59,0.0019417084314539638,0.013010793783014939,0.38834168629079274,2.6021587566029876,TW_FILTERED_PLUS_AI,82.0
f36eab64682d49888e961e6273b4ea20,B-BZ_USDT-1790265600000-1,B-BZ_USDT,LONG,2026-09-24T16:05:01.755760+00:00,2026-09-24T16:15:17.549233+00:00,102.280452,101.539688,101.76904974,103.30325651999999,197.54883170296984,10.102691899325842,10.029523367942033,20.132215267267874,-146.33706276761848,-166.46927803488634,STOP_LOSS,615.793458,102.38,102.05,0.0009732847093792531,0.0022531382634093135,0.19465694187585061,0.45062765268186267,TW_FILTERED_PLUS_AI,82.0
1ef7cd497169468cbd9434c89a4b7084,B-ONDO_USDT-1790296500000-1,B-ONDO_USDT,LONG,2026-09-25T00:40:10.392016+00:00,2026-09-25T00:49:58.085913+00:00,0.5247049199999999,0.5218956,0.5220813953999999,0.5299519691999999,38444.636545517256,10.086044971522353,10.03204332835233,20.118088299874685,-108.00328634004842,-128.1213746399231,STOP_LOSS,587.693881,0.5311,0.521,0.012187955089119632,0.0070609591387096006,2.437591017823926,1.41219182774192,TW_FILTERED_PLUS_AI,92.0
0432ac55d5a545e0a0c6e65d0216320b,B-ETH_USDT-1790298000000-1,B-ETH_USDT,LONG,2026-09-25T01:05:43.512086+00:00,2026-09-25T01:07:57.999450+00:00,2695.528998,2692.941304,2682.0513530099997,2722.48428798,7.474030397396867,10.07323283405836,10.063562582250778,20.136795416309138,-19.34050361516021,-39.47729903146934,MAX_EQUITY_DRAWDOWN,134.487351,2696.1,2688.01,0.00021183300213939492,0.0027894331708463987,0.04236660042787898,0.5578866341692797,TW_FILTERED_PLUS_AI,92.0
330f17b11f2a44b190c51e110268e75b,B-WLD_USDT-1790421300000-1,B-WLD_USDT,LONG,2026-09-26T11:20:32.637512+00:00,2026-09-26T11:34:09.120445+00:00,0.48729744,0.48470304000000003,0.4848609528,0.49217041440000003,41327.05931783763,10.069285104155211,10.015675642808114,20.084960746963326,-107.21892269419781,-127.30388344116115,STOP_LOSS,816.482906,0.4909,0.4825,0.007392938489477754,0.009844993234522311,1.4785876978955508,1.9689986469044622,TW_FILTERED_PLUS_AI,92.0
2cdb8794c5cd4922810024e03e051d67,B-SOL_USDT-1790424900000-1,B-SOL_USDT,LONG,2026-09-26T12:20:08.371947+00:00,2026-09-26T13:11:12.774703+00:00,121.464288,120.75584400000001,120.85696655999999,122.67893088,165.58866612400672,10.0565547158111,9.99789956731932,20.05445428313042,-117.31029698355347,-137.3647512666839,STOP_LOSS,3064.402744,121.53,120.86,0.0005409985196636964,0.00497502607515385,0.10819970393273928,0.9950052150307699,TW_FILTERED_PLUS_AI,92.0
6030f7a5ced9458ea6c1cf7f68e4b505,B-XRP_USDT-1790428500000--1,B-XRP_USDT,SHORT,2026-09-26T13:20:01.565562+00:00,2026-09-26T15:06:41.992995+00:00,1.5388921599999998,1.54700934,1.5465866207999996,1.5235032383999998,13052.010402969927,10.04281824068443,10.095790999585821,20.13860924027025,-105.94551780278162,-126.08412704305186,STOP_LOSS,6400.427413,1.5415843199999997,1.5315843199999997,0.0017494143319307265,0.0047487668011773985,0.3498828663861453,0.9497533602354796,TW_FILTERED_PLUS_AI,24.0
7ad14a7041e3429c94f5ed17b264a20b,B-HYPE_USDT-1790436600000-1,B-HYPE_USDT,LONG,2026-09-26T15:35:33.223452+00:00,2026-09-26T17:40:32.001416+00:00,92.43448319999999,91.9506062,91.97231078399999,93.35882803199999,217.02311693089283,10.030209827980123,9.977703580604539,20.007913408584663,-105.01249475116802,-125.02040815975268,STOP_LOSS,7498.777945,92.641,91.968,0.002234196512498239,0.005046636102142289,0.4468393024996478,1.0093272204284578,TW_FILTERED_PLUS_AI,92.0
644316e3a7234841b0bf3475260aa542,B-ETH_USDT-1790454900000--1,B-ETH_USDT,SHORT,2026-09-26T20:40:50.522172+00:00,2026-09-26T21:27:26.724788+00:00,2671.735546,2685.6970319999996,2685.0942237299996,2645.01819054,7.499026467767143,10.017707787164149,10.070056563685828,20.087764350849977,-104.69755304335813,-124.7853173942081,STOP_LOSS,2796.202599,2681.4610919999996,2659.271092,0.0036401604247697007,0.004665302304586673,0.7280320849539401,0.9330604609173346,TW_FILTERED_PLUS_AI,34.0
0606f5a653ba45e3afa15dff84850c10,B-AVAX_USDT-1790459100000--1,B-AVAX_USDT,SHORT,2026-09-26T21:50:03.506855+00:00,2026-09-26T22:05:17.249629+00:00,10.702859,10.759151399999999,10.756373295,10.59583041,1869.6367494750193,10.005229255424728,10.057852425302801,20.063081680727528,-105.2463397561447,-125.30942143687223,STOP_LOSS,913.742762,10.731718,10.634718,0.002696382340456941,0.006366616620848754,0.5392764680913882,1.2733233241697508,TW_FILTERED_PLUS_AI,24.0
7267767a6b8f48798e135206d249930f,B-BTW_USDT-1790463600000--1,B-BTW_USDT,SHORT,2026-09-26T23:05:02.094410+00:00,2026-09-26T23:05:05.633567+00:00,1.00239948,1.00790154,1.0074114773999998,0.9923754852,19937.556857633328,9.992698313281043,10.047547130323094,20.040245443604135,-109.69763408410954,-129.73787952771366,STOP_LOSS,3.539146,1.00239948,1.00239948,0.0,0.0,0.0,0.0,TW_FILTERED_PLUS_AI,34.0
6e242a55d6564ad0a581504d30f65659,B-RARE_USDT-1790470200000--1,B-RARE_USDT,SHORT,2026-09-27T00:55:10.132548+00:00,2026-09-27T00:55:13.868918+00:00,0.01989602,0.020014002,0.019995500099999997,0.0196970598,1003188.0270856451,9.979724525328269,10.038903590234078,20.018628115562347,-118.3581298116177,-138.37675792718005,STOP_LOSS,3.736357,0.01989602,0.01989602,0.0,0.0,0.0,0.0,TW_FILTERED_PLUS_AI,34.0
5af154d31e174ef798fd0fb8c2049bfa,B-SUI_USDT-1790472600000-1,B-SUI_USDT,LONG,2026-09-27T01:35:04.861106+00:00,2026-09-27T02:00:42.188710+00:00,1.1700339599999998,1.18156364,1.1641837901999998,1.1817342995999998,17035.20955842265,9.96588684953555,10.064092107006331,20.029978956541882,196.41051494155803,176.38053598501614,TAKE_PROFIT,1537.32759,1.1818,1.1606,0.010056152558170316,0.008062979642060769,2.011230511634063,1.6125959284121538,TW_FILTERED_PLUS_AI,92.0
c1a32a6a48554d2d841767511841b627,B-PHA_USDT-1790476800000--1,B-PHA_USDT,SHORT,2026-09-27T02:45:10.496728+00:00,2026-09-27T02:45:35.098896+00:00,0.073875222,0.074284854,0.07424459810999999,0.07313646978,270280.7418469498,9.983524903134052,10.038882723556176,20.022407626690228,-110.71564084424787,-130.7380484709381,STOP_LOSS,24.602156,0.073875222,0.073875222,0.0,0.0,0.0,0.0,TW_FILTERED_PLUS_AI,34.0
22742ea8004643e8b58b5be8379603fb,B-MUBARAK_USDT-1790478900000--1,B-MUBARAK_USDT,SHORT,2026-09-27T03:20:50.867868+00:00,2026-09-27T03:23:47.575996+00:00,0.056828632000000004,0.05713142399999999,0.05711277516,0.056260345680000004,350895.3408657439,9.970451098286961,10.023575249312671,19.994026347599632,-106.24830205141656,-126.24232839901619,STOP_LOSS,176.708115,0.057247264000000006,0.05594726400000001,0.007366568317182122,0.015509224293838244,1.4733136634364243,3.101844858767649,TW_FILTERED_PLUS_AI,24.0
3a1ba24abf55447b89e3f77d33edeb9d,B-FIL_USDT-1790479200000-1,B-FIL_USDT,LONG,2026-09-27T03:25:13.769884+00:00,2026-09-27T03:32:03.215046+00:00,1.1482295999999999,1.1416716199999999,1.1424884519999998,1.159711896,17344.661495309057,9.957826865447059,9.900953893850556,19.858780759297616,-113.74594319300626,-133.60472395230386,STOP_LOSS,409.445149,1.1515,1.1395,0.0028482108456358538,0.0076026606525383894,0.5696421691271707,1.5205321305076778,TW_FILTERED_PLUS_AI,92.0
8b1efe4f740e4f62b759823c8bd8436f,B-PUMP_USDT-1790489700000-1,B-PUMP_USDT,LONG,2026-09-27T06:20:04.270232+00:00,2026-09-27T06:58:12.578373+00:00,0.0044418882,0.0044141169999999995,0.004419678759,0.004486307082,4477585.182378894,9.944466393051828,9.882292436243386,19.826758829295215,-124.34791361688202,-144.17467244617723,STOP_LOSS,2288.308125,0.004474,0.004425,0.007229312975504398,0.0038020317575754594,1.4458625951008794,0.7604063515150918,TW_FILTERED_PLUS_AI,92.0
60801dbc42d44ad58dff1ff7aa6ca4a7,B-ONDO_USDT-1790493900000-1,B-ONDO_USDT,LONG,2026-09-27T07:30:15.193731+00:00,2026-09-27T08:12:46.759064+00:00,0.54350868,0.54079182,0.5407911366,0.5489437668,36540.5348293875,9.930048925807212,9.880411167078927,19.81046009288614,-99.27551745656724,-119.08597754945339,MAX_EQUITY_DRAWDOWN,2551.565318,0.5465,0.5386,0.005503720750145186,0.009031465698027121,1.1007441500290371,1.8062931396054243,TW_FILTERED_PLUS_AI,92.0
c9cade0fea53496ca029aa15110ca481,B-CL_USDT-1790777700000-1,B-CL_USDT,LONG,2026-09-30T14:20:14.761045+00:00,2026-09-30T17:58:03.372589+00:00,91.24824600000001,90.771842,90.79200477,92.16072846000002,217.38807621687909,9.918140328052266,9.866358053521253,19.78449838157352,-103.56454906202656,-123.34904744360007,STOP_LOSS,13068.611528,91.97,90.69,0.007909784917947792,0.006117881980986364,1.5819569835895584,1.2235763961972728,TW_FILTERED_PLUS_AI,92.0
85e6917f66a743628c9739eada575337,B-MOVR_USDT-1790803500000-1,B-MOVR_USDT,LONG,2026-09-30T21:30:06.173028+00:00,2026-09-30T21:31:16.779167+00:00,2.0359070999999997,2.17736444,2.0257275645,2.056266171,9731.097674651175,9.905805423307907,10.594073019476077,20.499878442783984,1376.5351923363417,1356.0353138935577,TAKE_PROFIT,70.606126,2.0359070999999997,2.0359070999999997,0.0,0.0,0.0,0.0,TW_FILTERED_PLUS_AI,82.0
daa7cfc67fd140478b472d8bb0f6f566,B-XAU_USDT-1790815800000--1,B-XAU_USDT,SHORT,2026-10-01T00:55:07.537911+00:00,2026-10-01T01:16:02.797689+00:00,4145.160801999999,4167.023238,4165.886606009999,4103.709193979999,4.844882712319572,10.041408954697268,10.094369423810063,20.135778378507332,-105.92093822559472,-126.05671660410206,STOP_LOSS,1255.259762,4145.771603999999,4124.9316039999985,0.0001473530290319578,0.00488019620137306,0.029470605806391558,0.9760392402746121,TW_FILTERED_PLUS_AI,24.0
b942c2142a8947e9ac8bdaf04f9ffa53,B-MOVR_USDT-1790819100000-1,B-MOVR_USDT,LONG,2026-10-01T01:50:12.814152+00:00,2026-10-01T01:50:37.329635+00:00,2.29885968,2.2850429,2.2873653816,2.3218482768,8725.024298165823,10.028803283036854,9.968527412425647,19.9973306954625,-120.55174122241134,-140.54907191787385,STOP_LOSS,24.515471,2.29885968,2.29885968,0.0,0.0,0.0,0.0,TW_FILTERED_PLUS_AI,92.0
73764f7d31714391b60edddbe1613ec2,B-DOGE_USDT-1790820300000-1,B-DOGE_USDT,LONG,2026-10-01T02:10:05.601809+00:00,2026-10-01T04:49:30.583069+00:00,0.094978992,0.095910814,0.09450409704,0.09592878192,210883.44201094628,10.014748375845066,10.113001291195827,20.127749667040895,196.50583070152373,176.37808103448285,TAKE_PROFIT,9564.981244,0.09598,0.09453,0.010539256933785922,0.004727276954044693,2.107851386757184,0.9454553908089386,TW_FILTERED_PLUS_AI,92.0
e0b22dd5e2844f538fcae63a55f7b262,B-UNI_USDT-1790829900000-1,B-UNI_USDT,LONG,2026-10-01T04:50:07.634126+00:00,2026-10-01T05:26:47.051823+00:00,8.9727942,8.9252146,8.927930229,9.062522141999999,2236.1788224115326,10.032386183948516,9.979187936999109,20.011574120947625,-106.39649389880914,-126.40806801975677,STOP_LOSS,2199.417682,9.009,8.896,0.004035064127515728,0.008558560275460054,0.8070128255031456,1.7117120550920106,TW_FILTERED_PLUS_AI,92.0
f3dd1b1e09154abfa6720a94bfd63d8f,B-BTC_USDT-1790843400000--1,B-BTC_USDT,SHORT,2026-10-01T08:35:04.112728+00:00,2026-10-01T09:07:32.502657+00:00,83170.76251999999,83609.81862,83586.61633259998,82339.05489479999,0.2409439344682478,10.019745377146538,10.072639329239683,20.09238470638622,-105.78790418628834,-125.88028889267456,STOP_LOSS,1948.389915,83204.92503999997,82748.42503999997,0.0004107515545714573,0.005077956089418531,0.08215031091429145,1.0155912178837063,TW_FILTERED_PLUS_AI,34.0
027e1d6b8001495389e8ad81876f1e03,B-UNI_USDT-1790846700000-1,B-UNI_USDT,LONG,2026-10-01T09:30:01.630798+00:00,2026-10-01T09:51:03.456715+00:00,9.0748146,9.022195199999999,9.029440527,9.165562745999999,2205.479183730601,10.007157348257271,9.949131852577073,19.956289200834345,-116.05099136039641,-136.00728056123074,STOP_LOSS,1261.825903,9.117,8.962,0.00464862389585359,0.012431614856352007,0.929724779170718,2.4863229712704014,TW_FILTERED_PLUS_AI,92.0
6d90b181952749ba8bbe0bbc4e95cefe,B-QNT_USDT-1790852100000--1,B-QNT_USDT,SHORT,2026-10-01T11:00:15.955170+00:00,2026-10-01T11:02:52.354709+00:00,279.424104,276.65532,280.82122452,276.62986296,71.52966746348517,9.993556620201149,9.89453152080204,19.888088141003188,198.05019879821705,178.16211065721384,TAKE_PROFIT,156.399525,283.428208,271.188208,0.014329844643610215,0.029474536670608866,2.865968928722043,5.894907334121773,TW_FILTERED_PLUS_AI,24.0
f4b0e815faaf4f988e43b767ae8b920a,B-QNT_USDT-1790854500000--1,B-QNT_USDT,SHORT,2026-10-01T11:40:31.341077+00:00,2026-10-01T11:40:59.724993+00:00,270.775834,267.923574,272.12971316999995,268.06807566,73.9458369188653,10.01137283126687,9.905916454861769,19.91728928612864,210.91275281020282,190.99546352407418,TAKE_PROFIT,28.383904,274.84166799999997,259.06166799999994,0.015015498022618945,0.04326148987135992,3.003099604523789,8.652297974271985,TW_FILTERED_PLUS_AI,34.0
504ecf598a984c94934d4acd92a3f2ad,B-BTC_USDT-1790869500000-1,B-BTC_USDT,LONG,2026-10-01T15:50:08.627887+00:00,2026-10-01T18:35:58.521179+00:00,84191.93502,85017.79304,83770.9753449,85033.8543702,0.23827632362260145,10.030472377619278,10.128863584039197,20.159335961658474,196.7824128398408,176.6230768781823,TAKE_PROFIT,9949.893278,85047.3,83782.0,0.010159702111571665,0.004869053311372679,2.031940422314333,0.9738106622745358,TW_FILTERED_PLUS_AI,92.0
afde3b78e080488895be53111a64ab76,B-CL_USDT-1790879700000-1,B-CL_USDT,LONG,2026-10-01T18:43:43.580562+00:00,2026-10-02T03:01:04.937074+00:00,93.08861399999999,92.601476,92.62317092999999,94.01950013999999,215.88321607854417,10.048134685307096,9.995552226250062,20.04368691155716,-105.16491811406713,-125.20860502562428,STOP_LOSS,29841.356495,93.55,92.62,0.004956417118854133,0.005034063564422478,0.9912834237708267,1.0068127128844955,TW_FILTERED_PLUS_AI,92.0
9667fdab3d594260ba5727adb1463a4a,B-BNB_USDT-1790911800000-1,B-BNB_USDT,LONG,2026-10-02T03:37:18.522737+00:00,2026-10-02T04:41:22.540883+00:00,775.124994,782.8134060000001,771.24936903,782.87624394,25.89418197706713,10.035613824804534,10.135156394525868,20.1707702193304,199.08513944266886,178.91436922333847,TAKE_PROFIT,3844.018132,782.94,774.06,0.01008225261795653,0.0013739642099582067,2.0164505235913057,0.27479284199164133,TW_FILTERED_PLUS_AI,92.0
bed759f5cbf345a2a515f3bed43f2741,B-PUMP_USDT-1790916300000-1,B-PUMP_USDT,LONG,2026-10-02T04:50:14.839083+00:00,2026-10-02T05:18:33.986824+00:00,0.005847169199999999,0.0059098178,0.005817933353999999,0.005905640891999999,3438759.8230360313,10.053505261726865,10.161222006051595,20.21472726777846,215.43348864945656,195.21876138167812,TAKE_PROFIT,1699.147726,0.006015,0.005813,0.02870291490795256,0.0058437166483911165,5.740582981590512,1.1687433296782233,TW_FILTERED_PLUS_AI,92.0
8f9b23a10f2c4fecbfe5480ce28795b1,B-HYPE_USDT-1790919900000-1,B-HYPE_USDT,LONG,2026-10-02T05:54:10.528895+00:00,2026-10-02T06:12:38.011171+00:00,89.8699704,90.7598444,89.420620548,90.768670104,224.16892078702708,10.073027137865035,10.172768184973252,20.245795322838287,199.48209421643628,179.236298893598,TAKE_PROFIT,1107.482261,90.353,88.643,0.00537476086672879,0.01365272954401684,1.074952173345758,2.730545908803368,TW_FILTERED_PLUS_AI,92.0
d0d58ebefe844efdafd56129152302d5,B-CL_USDT-1790921100000--1,B-CL_USDT,SHORT,2026-10-02T06:12:38.253477+00:00,2026-10-02T07:20:35.242956+00:00,92.191558,91.24824600000001,92.65251579,91.26964242,218.91268542732283,10.090950767754395,9.987699286196484,20.07865005395088,206.50296311581693,186.42431306186603,TAKE_PROFIT,4076.989466,93.093116,91.703116,0.009779181733754779,0.00529812068042072,1.9558363467509556,1.0596241360841439,TW_FILTERED_PLUS_AI,24.0
42bce513c6694e03b078370ffaf8438b,B-PUMP_USDT-1790928900000-1,B-PUMP_USDT,LONG,2026-10-02T08:20:05.058954+00:00,2026-10-02T08:28:51.607480+00:00,0.0060332064,0.0059918014,0.0060030403680000005,0.006093538464000001,3351316.8715927172,10.109593199060582,10.040212561526431,20.149805760587014,-138.76127506829792,-158.91108082888493,STOP_LOSS,526.548513,0.00612,0.005919,0.014385982220001502,0.018929635823498516,2.8771964440003,3.7859271646997033,TW_FILTERED_PLUS_AI,92.0
0f57704799e844f5ac59be6a7a03f986,B-CL_USDT-1790932200000--1,B-CL_USDT,SHORT,2026-10-02T09:15:09.368177+00:00,2026-10-02T10:08:45.946256+00:00,89.04218800000001,89.5179,89.48739894,88.15176612,226.7172969958396,10.093702090977693,10.147628160371934,20.241330251349627,-107.85213878848197,-128.0934690398316,STOP_LOSS,3216.578063,89.18437600000001,88.37437600000003,0.0015968610295156315,0.0074999504729149685,0.31937220590312626,1.4999900945829936,TW_FILTERED_PLUS_AI,34.0
db255c1c73534b8cb3e804917a773d76,B-ADA_USDT-1790945400000-1,B-ADA_USDT,LONG,2026-10-02T12:55:03.125254+00:00,2026-10-02T13:30:04.659962+00:00,0.25695138,0.25554888,0.2556666231,0.2595208938,78465.37149614615,10.08089274407371,10.025868902312036,20.106761646385745,-110.04768352334723,-130.15444516973298,STOP_LOSS,2101.534692,0.2581,0.2553,0.004470184203719743,0.006426818956955903,0.8940368407439485,1.2853637913911806,TW_FILTERED_PLUS_AI,92.0
1c7dca2a195d48d4bdb80fc604fa03d9,B-ETH_USDT-1790947800000-1,B-ETH_USDT,LONG,2026-10-02T13:39:06.163848+00:00,2026-10-02T13:51:29.015080+00:00,2762.762442,2747.4504,2748.9486297900003,2790.39006642,7.2882685434716326,10.067877299556736,10.012078162534277,20.079955462091014,-111.59827404491661,-131.67822950700761,STOP_LOSS,742.851218,2769.0,2747.66,0.002257725059952805,0.005466428010751254,0.45154501199056096,1.0932856021502508,TW_FILTERED_PLUS_AI,92.0
5def70a3060b4a60b46a5cc48ede4ae0,B-CL_USDT-1790949600000--1,B-CL_USDT,SHORT,2026-10-02T14:06:27.903370+00:00,2026-10-02T14:48:28.124541+00:00,89.03219,89.497896,89.47735094999999,88.1418681,225.86683482920134,10.054709476606035,10.107303246696521,20.162012723302556,-105.18754018096743,-125.34955290426998,STOP_LOSS,2520.221155,89.84438,87.67438,0.009122430887075799,0.015250776151861486,1.8244861774151597,3.050155230372297,TW_FILTERED_PLUS_AI,24.0
e7be7530753f4df096d5ffa4b7a141a2,B-AAVE_USDT-1790968200000--1,B-AAVE_USDT,SHORT,2026-10-02T19:18:06.236147+00:00,2026-10-02T19:27:11.279819+00:00,178.58427600000002,180.43608,179.47719738,176.79843324,112.46426332983098,10.042174521315609,10.146305407661224,20.188479928976832,-208.2617726912329,-228.45025262020974,STOP_LOSS,545.043657,179.04855200000003,176.47855200000004,0.0025997585588107,0.01179120607460413,0.5199517117621401,2.358241214920826,TW_FILTERED_PLUS_AI,24.0
c40a370b502e4b3781931ea0398c2111,B-WLD_USDT-1790987400000-1,B-WLD_USDT,LONG,2026-10-03T00:36:40.418496+00:00,2026-10-03T00:39:03.138956+00:00,0.5631126,0.559888,0.560297037,0.568743726,35585.527640665794,10.019329496053588,9.961954949838546,19.981284445892136,-114.74909243008774,-134.73037687597989,STOP_LOSS,142.72041,0.5662,0.5576,0.005482740041689839,0.009789516341847047,1.0965480083379677,1.9579032683694093,TW_FILTERED_PLUS_AI,82.0
a06560328f5a44b28971b4bbb1714b98,B-AVAX_USDT-1790989500000-1,B-AVAX_USDT,LONG,2026-10-03T01:12:30.657431+00:00,2026-10-03T01:34:53.747845+00:00,10.9311858,10.8738248,10.876529870999999,11.040497658,1830.6991833156824,10.005856458365992,9.953351090438906,19.959207548804898,-105.01073585417126,-124.96994340297616,STOP_LOSS,1343.090394,10.969,10.873,0.0034592953309786107,0.005322917482566292,0.6918590661957221,1.0645834965132586,TW_FILTERED_PLUS_AI,82.0
3dd3d945dd9e47a89ab762bbb8b36144,B-UNI_USDT-1790994600000-1,B-UNI_USDT,LONG,2026-10-03T02:35:29.930779+00:00,2026-10-03T02:37:50.842800+00:00,9.1808358,9.1321732,9.134931621,9.272644158,2177.004290617134,9.993359464025694,9.9403901195294,19.933749583555095,-105.93868899258558,-125.87243857614068,STOP_LOSS,140.912007,9.197,9.073,0.0017606458008974117,0.011745749771496854,0.3521291601794823,2.349149954299371,TW_FILTERED_PLUS_AI,92.0
0801176c9de6497ab2fb40d3948d7caf,B-QNT_USDT-1791012900000-1,B-QNT_USDT,LONG,2026-10-03T07:41:29.075658+00:00,2026-10-03T07:43:07.480761+00:00,266.56330199999996,265.166956,265.23048549,269.22893502,74.88481831732472,9.98077222016808,9.928489661909019,19.909261882077097,-104.5651165181184,-124.47437840019549,STOP_LOSS,98.405088,266.85,260.29,0.0010755343959539417,0.02353400469206352,0.21510687919078833,4.706800938412703,TW_FILTERED_PLUS_AI,92.0
51995919f8b44bc489eb03c8e31bc4da,B-BTC_USDT-1791013200000--1,B-BTC_USDT,SHORT,2026-10-03T07:45:03.764720+00:00,2026-10-03T17:44:45.229085+00:00,84510.5945,84966.99,84933.1474725,83665.488555,0.2359071035129935,9.968324782328061,10.022158252558743,19.990483034886804,-107.66694046136412,-127.65742349625091,STOP_LOSS,35981.46435,84519.98900000002,84074.68900000001,0.00011116357724840558,0.005157998267305923,0.022232715449681115,1.0315996534611844,TW_FILTERED_PLUS_AI,24.0
49c865dcfa0a4a2abbbf4fae8850edce,B-MOVR_USDT-1791054000000-1,B-MOVR_USDT,LONG,2026-10-03T19:05:01.095967+00:00,2026-10-03T19:07:56.903754+00:00,2.07731538,2.0455908,2.0669288030999997,2.0980885338,9585.024147829143,9.955559039978436,9.803518607288566,19.759077647267002,-304.08086537973855,-323.8399430270056,STOP_LOSS,175.807772,2.1333,2.0238,0.026950467193864548,0.02576179838422026,5.39009343877291,5.152359676844052,TW_FILTERED_PLUS_AI,92.0
0e558d77f7934e1480a4f704c1df6e1a,B-ENA_USDT-1791054900000-1,B-ENA_USDT,LONG,2026-10-03T19:22:54.083672+00:00,2026-10-04T01:30:11.968832+00:00,0.237857562,0.240241942,0.23666827419,0.24023613761999998,83437.96146094977,9.923175045675736,10.022648948949865,19.9458239946256,198.947806548261,179.0019825536354,TAKE_PROFIT,22037.885146,0.24026,0.2364,0.010100322141534465,0.0061278774899744225,2.0200644283068927,1.2255754979948845,TW_FILTERED_PLUS_AI,92.0
0e784c4d831943d19a5010cc1067a2b8,B-SOL_USDT-1791081900000-1,B-SOL_USDT,LONG,2026-10-04T02:52:13.308382+00:00,2026-10-04T10:14:28.515960+00:00,120.244044,121.43570799999999,119.64282378,121.44648444,165.34831852347045,9.941075243931097,10.039595063253573,19.98067030718467,197.03963864495103,177.05896833776634,TAKE_PROFIT,26535.207563,121.58,120.01,0.011110371504138666,0.001946408256196018,2.222074300827733,0.38928165123920355,TW_FILTERED_PLUS_AI,92.0
0f238e15fd4b44a39d987e7647ffd782,B-BTC_USDT-1791108900000-1,B-BTC_USDT,LONG,2026-10-04T10:20:13.810865+00:00,2026-10-04T22:02:31.705455+00:00,85369.0704,86212.65402,84942.225048,86222.761104,0.2333112237043845,9.958781140764875,10.057189904104462,20.01597104486934,196.81752667917564,176.8015556343063,TAKE_PROFIT,42137.894576,86165.0,85044.7,0.00932339542026925,0.0037996243660631426,1.8646790840538499,0.7599248732126285,TW_FILTERED_PLUS_AI,82.0
009c963e1d3c44c6b1fca8e7a719e9aa,B-BTC_USDT-1791151200000-1,B-BTC_USDT,LONG,2026-10-04T22:05:01.461012+00:00,2026-10-05T04:22:39.319235+00:00,86176.63187999999,85630.27051999999,85745.74872059998,87038.39819879999,0.23153518717743382,9.976461296328303,9.913210356451245,19.889671652779548,-126.50187975411622,-146.39155140689576,STOP_LOSS,22657.858209,86976.1,85600.0,0.00927708710074989,0.006691278916573809,1.8554174201499778,1.338255783314762,TW_FILTERED_PLUS_AI,82.0
3cbb49ee412e4616ba8dc233687629a8,B-ENA_USDT-1791174600000--1,B-ENA_USDT,SHORT,2026-10-05T04:35:14.776008+00:00,2026-10-05T04:49:34.244141+00:00,0.237262538,0.238567704,0.23844885068999996,0.23488991262,83972.9881098011,9.961822141187614,10.016621485687274,19.97844362687489,-109.59868899931637,-129.57713262619126,STOP_LOSS,859.468118,0.238295076,0.23364507599999998,0.004351879604356249,0.015246663171073453,0.8703759208712498,3.0493326342146907,TW_FILTERED_PLUS_AI,24.0
53d1fa2a2a964f248a5c5712f9c2ef80,B-CL_USDT-1791176700000--1,B-CL_USDT,SHORT,2026-10-05T05:10:06.858486+00:00,2026-10-05T08:35:58.347696+00:00,90.011994,90.548106,90.46205396999999,89.11187406,221.05641672430883,9.948864427924994,10.008119926766446,19.95698435469144,-118.51099768290328,-138.46798203759474,STOP_LOSS,12351.489196,90.653988,89.603988,0.0071323161666654875,0.004532795929395813,1.4264632333330975,0.9065591858791626,TW_FILTERED_PLUS_AI,24.0
7577ddddff79435e8311e8c55e0700e1,B-HYPE_USDT-1791190500000-1,B-HYPE_USDT,LONG,2026-10-05T09:03:02.817043+00:00,2026-10-05T09:58:09.548077+00:00,93.4046772,92.7874388,92.937653814,94.338723972,212.73062393756092,9.935017629721234,9.869364874746125,19.80438250446736,-131.30550995021986,-151.1098924546872,STOP_LOSS,3306.731011,93.612,92.852,0.002219619040661917,0.005917018468107193,0.44392380813238336,1.1834036936214387,TW_FILTERED_PLUS_AI,92.0
97fc8de767d34b769f2395713c7a54d1,B-SOL_USDT-1791207000000--1,B-SOL_USDT,SHORT,2026-10-05T13:38:45.101255+00:00,2026-10-05T14:07:37.442826+00:00,120.435908,121.07421,121.03808753999998,119.23154892,164.73337238385363,9.91990664047577,9.972481461005447,19.892388101481217,-105.14964105935788,-125.04202916083909,STOP_LOSS,1732.341549,120.72181599999999,119.89181599999999,0.0023739431598754756,0.004517689192827826,0.47478863197509513,0.9035378385655651,TW_FILTERED_PLUS_AI,24.0
ffc25580d2584e5b857150cbfc38ce77,B-CL_USDT-1791209100000--1,B-CL_USDT,SHORT,2026-10-05T14:10:07.214398+00:00,2026-10-05T14:16:15.228613+00:00,89.33212999999999,89.797956,89.77879064999998,88.4388087,221.8105050794084,9.907402437559684,9.959064987729246,19.86646742528893,-103.32510033912203,-123.19156776441096,STOP_LOSS,368.014202,89.45425999999999,88.48425999999998,0.0013671452813226162,0.00949120993756686,0.27342905626452324,1.8982419875133718,TW_FILTERED_PLUS_AI,24.0
4628fbc622f542bdaa03a2e6aa1fe29a,B-SOL_USDT-1791210000000--1,B-SOL_USDT,SHORT,2026-10-05T14:25:02.543373+00:00,2026-10-05T14:56:57.293687+00:00,120.4759,119.263848,121.07827949999998,119.271141,164.2666007190358,9.895083280783243,9.795533449815888,19.69061673059913,199.09966193470876,179.40904520410965,TAKE_PROFIT,1914.750301,121.72179999999999,119.7618,0.010341487384613785,0.00592732654414702,2.068297476922757,1.185465308829404,TW_FILTERED_PLUS_AI,24.0
7572e7a625334acf869ac7dcd8ab608e,B-BTC_USDT-1791214200000--1,B-BTC_USDT,SHORT,2026-10-05T15:35:02.340734+00:00,2026-10-05T19:17:44.286730+00:00,85204.05578000001,85657.128,85630.0760589,84352.0152222,0.23268902153905546,9.913024185303653,9.965736651082814,19.87876083638647,-105.42493155832472,-125.30369239471119,STOP_LOSS,13361.945982,85498.11156000002,84745.01156000001,0.003451194632791571,0.005387586492188413,0.6902389265583142,1.0775172984376826,TW_FILTERED_PLUS_AI,34.0
e67c6d0be40d4a05b7afa3f0fff495df,B-QNT_USDT-1791240000000-1,B-QNT_USDT,LONG,2026-10-05T22:45:37.722098+00:00,2026-10-05T23:13:04.732874+00:00,258.511692,261.827624,257.21913354,261.09680892,76.59610085306456,9.900493816064179,10.027487547011132,19.92798136307531,253.98746189390653,234.05948053083122,TAKE_PROFIT,1647.010764,260.97,255.3,0.009509465436480317,0.012423778495867689,1.9018930872960633,2.4847556991735376,TW_FILTERED_PLUS_AI,92.0
28984893030d4d59b6575c6f8a834ce6,B-AAVE_USDT-1791245100000-1,B-AAVE_USDT,LONG,2026-10-06T00:10:03.220258+00:00,2026-10-06T00:37:39.070846+00:00,186.03719999999998,185.002992,185.107014,187.897572,106.68726216173181,9.923899764117266,9.868731354104385,19.79263111822165,-110.33682002575802,-130.12945114397968,STOP_LOSS,1655.850574,187.88,183.87,0.009905545772565978,0.011649283046616376,1.9811091545131956,2.329856609323275,TW_FILTERED_PLUS_AI,92.0
995f3b6b3cff4f40bc655f311a0fc5ca,B-1000PEPE_USDT-1791249000000--1,B-1000PEPE_USDT,SHORT,2026-10-06T01:15:02.738440+00:00,2026-10-06T01:41:24.527468+00:00,0.00436282726,0.00431926368,0.0043846413963,0.0043191989874,4543332.214809194,9.910886819002865,9.811924910799657,19.722811729802523,197.92381640641852,178.201004676616,TAKE_PROFIT,1581.789013,0.004413754520000001,0.004342554520000001,0.011672994818502345,0.00464669783877706,2.334598963700469,0.9293395677554119,TW_FILTERED_PLUS_AI,24.0
153b8eeb9a35406baf0e2a67fce019ae,B-GTC_USDT-1791251100000-1,B-GTC_USDT,LONG,2026-10-06T01:50:05.312006+00:00,2026-10-06T01:50:07.512567+00:00,0.20062011600000001,0.19943010600000002,0.19961701542000002,0.20262631716,98980.17324913247,9.928706919470526,9.869813221486428,19.798520140956953,-117.78739596819926,-137.58591610915622,STOP_LOSS,2.200547,0.20062011600000001,0.20062011600000001,0.0,0.0,0.0,0.0,TW_FILTERED_PLUS_AI,82.0
a6822463e4654e00a60d3a31e17c4a1f,B-SUI_USDT-1791252000000--1,B-SUI_USDT,SHORT,2026-10-06T02:08:04.888798+00:00,2026-10-06T02:26:05.100191+00:00,1.19096176,1.2003400199999998,1.1969165687999999,1.1790521424,16650.321884154553,9.91494832785961,9.993023851716256,19.907972179575864,-156.15104771328896,-176.05901989286482,STOP_LOSS,1080.211379,1.19172352,1.18012352,0.0006396175138318931,0.009100409739436134,0.12792350276637862,1.8200819478872268,TW_FILTERED_PLUS_AI,34.0
f0e51cc0d1f0413186e7671adc51c7b7,B-XRP_USDT-1791253800000--1,B-XRP_USDT,SHORT,2026-10-06T02:35:30.057829+00:00,2026-10-06T05:11:44.688819+00:00,1.49660062,1.5078015,1.5040836230999999,1.4816346137999998,13226.431011194323,9.897342425870326,9.971416259162659,19.868758685032986,-148.14766658466732,-168.0164252697003,STOP_LOSS,9374.630975,1.5002012399999998,1.49100124,0.002405865634346612,0.003741398957859608,0.48117312686932234,0.7482797915719216,TW_FILTERED_PLUS_AI,24.0
886b2b35119d45ec848c070dcd8eaea3,B-AVAX_USDT-1791263100000-1,B-AVAX_USDT,LONG,2026-10-06T05:11:45.209795+00:00,2026-10-06T06:01:21.270219+00:00,11.298259199999999,11.232752999999999,11.241767903999998,11.411241791999998,1749.0377249166588,9.880540783343353,9.823254375835386,19.70379515917874,-114.57281501593518,-134.27661017511392,STOP_LOSS,2976.060407,11.369,11.23,0.006261212346765878,0.006041567890387768,1.2522424693531755,1.2083135780775536,TW_FILTERED_PLUS_AI,92.0
44fc18950657426483ad5ebf5848f232,B-GTC_USDT-1791268200000--1,B-GTC_USDT,SHORT,2026-10-06T06:35:45.499681+00:00,2026-10-06T06:36:08.153559+00:00,0.175254942,0.176195232,0.17613121670999998,0.17350239258,112602.96582479075,9.867113122325842,9.920052843693538,19.78716596601938,-105.87944273539365,-125.66660870141304,STOP_LOSS,22.653864,0.175254942,0.175254942,0.0,0.0,0.0,0.0,TW_FILTERED_PLUS_AI,34.0
6964ef8cb9924979bd7ab1de6c443a2e,B-CL_USDT-1791273600000--1,B-CL_USDT,SHORT,2026-10-06T08:07:00.015381+00:00,2026-10-06T08:16:17.708696+00:00,88.372322,88.83776399999999,88.81418360999999,87.48859877999999,223.02336836765932,9.854546461455701,9.90644868276559,19.76099514422129,-103.80444261977918,-123.56543776400046,STOP_LOSS,557.6933,88.45464399999999,87.98464399999999,0.0009315360073937028,0.004386871264964704,0.18630720147874055,0.8773742529929408,TW_FILTERED_PLUS_AI,24.0
79b2077628824b328ce402c765aff005,B-CL_USDT-1791275100000--1,B-CL_USDT,SHORT,2026-10-06T08:34:51.257257+00:00,2026-10-06T09:38:40.097029+00:00,88.43231,87.237444,88.87447155,87.5479869,222.59262293791267,9.8421899176793,9.709205739179636,19.551395656858936,265.96835699933297,246.41696134247402,TAKE_PROFIT,3828.839758,89.26462000000001,88.18462,0.009411831490096853,0.0028008993545459316,1.8823662980193705,0.5601798709091863,TW_FILTERED_PLUS_AI,24.0
6915066481ee48a08d1a0d3120013e05,B-AVAX_USDT-1791324000000-1,B-AVAX_USDT,LONG,2026-10-06T22:05:10.907349+00:00,2026-10-07T00:32:52.960971+00:00,11.5983192,11.5366922,11.540327604,11.714302392,1701.4243949784634,9.866831613813549,9.814404773218877,19.681236387032428,-104.8536811893402,-124.53491757637262,STOP_LOSS,8862.053606,11.726,11.519,0.011008560619714645,0.006838852995182308,2.201712123942929,1.3677705990364617,TW_FILTERED_PLUS_AI,92.0
1224bb3fdf3b4712847fe12b55ab8ca9,B-API3_USDT-1791334500000-1,B-API3_USDT,LONG,2026-10-07T01:00:10.731917+00:00,2026-10-07T01:04:41.849473+00:00,0.34866972,0.35222954,0.3469263714,0.3521564172,56525.5745297063,9.854378122055914,9.954988557417083,19.809366679472998,201.2208707223386,181.41150404286557,TAKE_PROFIT,271.117531,0.3521,0.3379,0.009838193003969509,0.030888027787443192,1.9676386007939017,6.177605557488638,TW_FILTERED_PLUS_AI,92.0
9f6d8982de05461db2d25302482627c8,B-CL_USDT-1791334800000-1,B-CL_USDT,LONG,2026-10-07T01:09:28.809262+00:00,2026-10-07T05:48:18.301004+00:00,90.308058,89.802036,89.85651771,91.21113858,218.6409383858127,9.8725192724602,9.817200709998268,19.68971998245847,-110.63712492386604,-130.3268449063245,STOP_LOSS,16729.491728,90.5,89.8,0.002125413880564206,0.005625832414644609,0.4250827761128412,1.1251664829289219,TW_FILTERED_PLUS_AI,92.0
efa719b2ef004dc5a9c6db4cb09cfc27,B-CL_USDT-1791352800000-1,B-CL_USDT,LONG,2026-10-07T06:05:14.053131+00:00,2026-10-07T07:10:06.886253+00:00,90.25804799999999,89.78204,89.80675775999998,91.16062847999999,218.4732953225305,9.859486587969565,9.807489069789622,19.66697565775919,-103.99503635988559,-123.66201201764478,STOP_LOSS,3892.833107,90.34,89.78,0.0009079744334822681,0.005296458438808548,0.1815948866964536,1.0592916877617096,TW_FILTERED_PLUS_AI,68.0
c5e4241debf84386a568f09e3c21f138,B-XAU_USDT-1791359400000--1,B-XAU_USDT,SHORT,2026-10-07T07:56:06.401733+00:00,2026-10-07T12:30:53.998958+00:00,4135.222790000001,4081.406118,4155.89890395,4093.870562100001,4.762558578744822,9.8471203867678,9.718967860311249,19.56608824707905,256.30505291310027,236.73896466602122,TAKE_PROFIT,16487.597212,4156.225580000001,4128.6155800000015,0.00507899841594761,0.0015977881568986062,1.015799683189522,0.31955763137972126,TW_FILTERED_PLUS_AI,24.0
c9f9356184d94bf190e7a3ed356fddd6,B-CL_USDT-1791376200000-1,B-CL_USDT,LONG,2026-10-07T12:35:08.049194+00:00,2026-10-07T14:31:36.682362+00:00,90.108018,89.61207399999999,89.65747791,91.00909818,219.08803461273342,9.870794283234403,9.816466585115414,19.687260868349817,-108.65539623797935,-128.34265710632917,STOP_LOSS,6988.633149,90.88,89.67,0.008567295309946715,0.004861032455513554,1.713459061989343,0.9722064911027108,TW_FILTERED_PLUS_AI,92.0
c909bc678e2f463e8b8a87bc6793141d,B-ORCA_USDT-1791417600000-1,B-ORCA_USDT,LONG,2026-10-08T00:05:10.231014+00:00,2026-10-08T00:20:58.850013+00:00,2.8745748,2.904419,2.860201926,2.903320548,6858.725692247611,9.85796001752377,9.960306608176056,19.818266625699827,204.6931813045753,184.87491467887546,TAKE_PROFIT,948.618984,2.924,2.838,0.01719391681858477,0.012723551323138262,3.438783363716954,2.5447102646276525,TW_FILTERED_PLUS_AI,92.0
5c03568e054841c7a218b47500e2e771,B-TAO_USDT-1791420300000-1,B-TAO_USDT,LONG,2026-10-08T00:50:08.637520+00:00,2026-10-08T03:09:36.100991+00:00,291.488286,288.332322,290.03084457,294.40316886,67.76565634607805,9.876447508991655,9.76951452305936,19.645962032051017,-213.86597186459656,-233.51193389664758,STOP_LOSS,8367.463456,294.07,289.93,0.00885700772208725,0.005345964400092598,1.7714015444174498,1.0691928800185195,TW_FILTERED_PLUS_AI,92.0
021ed45c7d994e3583a5770aac554b6e,B-ENA_USDT-1791428400000--1,B-ENA_USDT,SHORT,2026-10-08T03:09:36.515694+00:00,2026-10-08T04:19:21.950584+00:00,0.223485294,0.219763944,0.22460272047,0.22125044106,88176.68616353783,9.853096315601992,9.68902816007465,19.542124475676644,328.13631105468255,308.5941865790059,TAKE_PROFIT,4185.434875,0.225600588,0.220770588,0.009465025470534941,0.012147134835637155,1.8930050941069883,2.429426967127431,TW_FILTERED_PLUS_AI,24.0
0bdcd0c0fdff4a58b60825bb4e603fe8,B-QNT_USDT-1791432900000--1,B-QNT_USDT,SHORT,2026-10-08T04:20:14.152544+00:00,2026-10-08T04:37:29.686229+00:00,246.65066,242.418474,247.88391329999996,244.18415339999999,80.14538241462554,9.88395573425989,9.71436065154998,19.59831638580987,339.1901654198232,319.59184903401336,TAKE_PROFIT,1035.533672,251.09131999999997,242.10132,0.01800384397917273,0.018444467166639656,3.6007687958345462,3.688893433327931,TW_FILTERED_PLUS_AI,24.0
a494b339d2174ed6b863a38fa7edcafb,B-SOL_USDT-1791434100000--1,B-SOL_USDT,SHORT,2026-10-08T04:40:15.408777+00:00,2026-10-08T05:14:25.997362+00:00,114.747046,115.37307,115.32078122999998,113.59957553999999,172.83085299055614,9.91591491916329,9.97001305011957,19.88592796928286,-108.19626191256009,-128.08218988184294,STOP_LOSS,2050.588574,115.144092,113.924092,0.0034601849358283534,0.007171897043868091,0.6920369871656706,1.4343794087736181,TW_FILTERED_PLUS_AI,24.0
ace6533a04ab4f209dd1df7313ff6d62,B-GTC_USDT-1791444300000--1,B-GTC_USDT,SHORT,2026-10-08T07:33:21.791395+00:00,2026-10-08T07:34:54.497878+00:00,0.177754442,0.179325858,0.17864321420999998,0.17597689758,111424.57638470836,9.903106700175107,9.990653881237181,19.893760581412288,-175.09436212415198,-194.98812270556428,STOP_LOSS,92.706469,0.17935888400000002,0.17474888400000002,0.009026171059061418,0.01690848322091434,1.8052342118122837,3.381696644182868,TW_FILTERED_PLUS_AI,24.0
9222301c4b634916872ac7f1c9bdfca4,B-SAND_USDT-1791450900000--1,B-SAND_USDT,SHORT,2026-10-08T09:22:34.811498+00:00,2026-10-08T09:43:03.330620+00:00,0.072475502,0.072854568,0.07283787951,0.07175074698,272743.41301987943,9.88360788790455,9.935301765204445,19.818909653108996,-103.3877545997929,-123.20666425290189,STOP_LOSS,1228.519106,0.072741004,0.071411004,0.0036633344050518036,0.014687694056951783,0.7326668810103607,2.9375388113903567,TW_FILTERED_PLUS_AI,24.0
77d2e0331c5b437e9720afe130e3adad,B-RAYSOL_USDT-1791459000000--1,B-RAYSOL_USDT,SHORT,2026-10-08T11:38:44.546251+00:00,2026-10-08T11:40:25.314174+00:00,2.44361118,2.45689128,2.4558292358999996,2.4191750682,8079.26179276955,9.871287221479259,9.924933923746337,19.796221145225594,-107.29340453415725,-127.08962567938285,STOP_LOSS,100.76791,2.44722236,2.39522236,0.001477804664488418,0.019802176547579882,0.2955609328976836,3.9604353095159763,TW_FILTERED_PLUS_AI,24.0
0258eb52440940179b4417dcb3f54d3a,B-BTC_USDT-1791460800000--1,B-BTC_USDT,SHORT,2026-10-08T12:06:03.907580+00:00,2026-10-08T14:29:08.311695+00:00,82284.73976,82716.43998,82696.16345879999,81461.8923624,0.2396210594495613,9.85857825891132,9.910300490951823,19.76887874986314,-103.4444640810084,-123.21334283087155,STOP_LOSS,8584.404085,82854.47952,81869.57952,0.006924002696754677,0.005045409892659268,1.3848005393509353,1.0090819785318537,TW_FILTERED_PLUS_AI,24.0
cb1322987b4d437cb539aec5027bdab5,B-BZ_USDT-1791473400000-1,B-BZ_USDT,LONG,2026-10-08T15:35:14.427955+00:00,2026-10-08T16:06:01.581044+00:00,104.860968,104.28913800000001,104.33666316,105.90957768,187.7964148610231,9.846256924628234,9.792563112673244,19.63882003730148,-107.38762390997722,-127.02644394727871,STOP_LOSS,1847.153074,104.94,104.26,0.0007536836776101284,0.0057310933845279265,0.15073673552202568,1.1462186769055853,TW_FILTERED_PLUS_AI,92.0
1bdeb16597d944eea40ccba8b4dad998,B-XAU_USDT-1791503700000-1,B-XAU_USDT,LONG,2026-10-09T00:00:30.821233+00:00,2026-10-09T12:30:44.261607+00:00,4154.290692,4195.4807359999995,4133.51923854,4195.8335989199995,4.734167639818839,9.833554280233503,9.931054566927262,19.764608847160765,195.00057338751387,175.2359645403531,TAKE_PROFIT,45013.440358,4193.06,4146.01,0.00933235319200451,0.0019932866074937067,1.8664706384009018,0.39865732149874133,TW_FILTERED_PLUS_AI,92.0
6e76d7799e1f47cf876d3c54ba5b9b9a,B-FIL_USDT-1791555600000-1,B-FIL_USDT,LONG,2026-10-09T14:25:03.513870+00:00,2026-10-09T15:00:29.997908+00:00,1.07841564,1.0712857,1.0730235618,1.0891997964,18269.538221251205,9.851077876687539,9.785947521014926,19.637025397702466,-130.26071134522783,-149.89773674293028,STOP_LOSS,2126.484023,1.0846,1.0694,0.005734672023117172,0.008360079050782407,1.1469344046234344,1.6720158101564815,TW_FILTERED_PLUS_AI,68.0
05793ed90f774cec97dd06a11bf55ee8,B-RLC_USDT-1791558000000--1,B-RLC_USDT,SHORT,2026-10-09T15:08:11.971922+00:00,2026-10-09T15:17:44.333477+00:00,1.01549686,0.98389674,1.0205743443,1.0053418914,19371.97147613681,9.836088103013248,9.530009791371995,19.36609789438524,612.1566232825005,592.7905253881153,TAKE_PROFIT,572.36154,1.0549937200000001,0.97129372,0.03889412321767305,0.043528583633434405,7.77882464353461,8.70571672668688,TW_FILTERED_PLUS_AI,24.0
29250be440fe4526a1c71d8a070e9b9f,B-QNT_USDT-1791579600000-1,B-QNT_USDT,LONG,2026-10-09T21:07:35.518548+00:00,2026-10-09T22:32:31.480275+00:00,246.29925,248.730244,245.06775375,248.7622425,80.35239372878365,9.895367155552057,9.993035249072214,19.888402404624273,195.33618704031056,175.44778463568628,TAKE_PROFIT,5095.961697,248.66,243.53,0.009584885053446146,0.011243436591869441,1.9169770106892292,2.248687318373888,TW_FILTERED_PLUS_AI,68.0
be74485321cd4af283dc803c9763d49f,B-KAIA_USDT-1791587400000-1,B-KAIA_USDT,LONG,2026-10-09T23:15:15.404726+00:00,2026-10-09T23:15:37.370793+00:00,0.05986197,0.060607876000000005,0.05956266015,0.0604605897,331192.30569978326,9.912911934015627,10.036431098003279,19.949343032018906,247.03832797530401,227.0889849432851,TAKE_PROFIT,21.966042,0.05986197,0.05986197,0.0,0.0,0.0,0.0,TW_FILTERED_PLUS_AI,82.0
ccf84e18ec88462a87a61f0f5efb97b0,B-STRK_USDT-1791590400000-1,B-STRK_USDT,LONG,2026-10-10T00:08:48.884844+00:00,2026-10-10T00:36:13.310614+00:00,0.074234844,0.073345328,0.07386366977999999,0.07497719243999999,267680.7896978933,9.935620832509958,9.816567659845504,19.75218849235546,-238.10634532890938,-257.8585338212648,STOP_LOSS,1644.425754,0.07488,0.07211,0.008690743662100346,0.028623270226041032,1.738148732420069,5.724654045208206,TW_FILTERED_PLUS_AI,82.0
d9293e45e5c64569be4e929c9af57b4a,B-OGN_USDT-1791593400000-1,B-OGN_USDT,LONG,2026-10-10T00:55:16.622015+00:00,2026-10-10T00:57:18.585637+00:00,0.040198038,0.039922014,0.03999704781,0.04060001838,493050.67969376175,9.909834979127831,9.841788068721936,19.75162304784977,-136.09382081179075,-155.8454438596405,STOP_LOSS,121.96361,0.0414,0.03934,0.029901011586684925,0.021345270632362665,5.9802023173369845,4.269054126472533,TW_FILTERED_PLUS_AI,92.0
d0ad3898d2b84b278b5df8144a394930,B-SUI_USDT-1791594600000-1,B-SUI_USDT,LONG,2026-10-10T01:15:12.455092+00:00,2026-10-10T01:48:50.324774+00:00,1.0770153599999999,1.09018192,1.0716302831999998,1.0877855135999999,18373.462073450595,9.89425043474187,10.015208080140775,19.909458514882644,241.9152907978146,222.00583228293195,TAKE_PROFIT,2017.869668,1.086,1.0722,0.008342165147951289,0.004471022585972984,1.6684330295902576,0.8942045171945968,TW_FILTERED_PLUS_AI,92.0
734c4f1e75fb42059f617e633c1101aa,B-PUMP_USDT-1791598500000-1,B-PUMP_USDT,LONG,2026-10-10T02:20:02.131446+00:00,2026-10-10T02:25:14.188719+00:00,0.0055291056,0.0054819034,0.005501460071999999,0.005584396655999999,3587000.044987443,9.91645101797016,9.831793871208408,19.74824488917857,-169.3142935235053,-189.0625384126839,STOP_LOSS,312.057257,0.005562,0.005462,0.0059493166489713025,0.012136791165645273,1.1898633297942605,2.4273582331290546,TW_FILTERED_PLUS_AI,82.0
62380fca9a574ebc911d9b97d0430400,B-PUMP_USDT-1791599700000-1,B-PUMP_USDT,LONG,2026-10-10T02:43:11.832614+00:00,2026-10-10T02:53:04.512883+00:00,0.005514102599999999,0.005484902800000001,0.005486532086999999,0.005569243625999999,3589902.285869289,9.897544764128893,9.845132549745435,19.742677313874328,-104.82442876691981,-124.56710608079413,STOP_LOSS,592.680254,0.005536,0.005471,0.003971162959499683,0.007816793252994433,0.7942325918999366,1.5633586505988866,TW_FILTERED_PLUS_AI,92.0
644785a4aa2b43bb8fbb60f5e34576ff,B-MAGIC_USDT-1791602700000-1,B-MAGIC_USDT,LONG,2026-10-10T03:30:07.211940+00:00,2026-10-10T03:31:21.296194+00:00,0.160062006,0.158788236,0.15926169597,0.16166262606,123515.73369036514,9.885088053520814,9.806422735469425,19.69151078899024,-157.33063610277733,-177.02214689176756,STOP_LOSS,74.084241,0.16369,0.15294,0.022666178505847262,0.04449529390503836,4.533235701169453,8.899058781007673,TW_FILTERED_PLUS_AI,82.0
b0bb346406da40cc91765570fc5f4eea,B-DOGE_USDT-1791604800000-1,B-DOGE_USDT,LONG,2026-10-10T04:05:03.055059+00:00,2026-10-10T04:32:26.189477+00:00,0.08661732,0.08615276599999999,0.08618423339999999,0.0874834932,227838.63178476636,9.867385838831638,9.814464164956568,19.681850003788206,-105.8433477501417,-125.52519775392992,STOP_LOSS,1643.134403,0.08669,0.08621,0.0008390931513466997,0.004702523698493589,0.16781863026933994,0.9405047396987177,TW_FILTERED_PLUS_AI,92.0
78b9856291db4e77988ea97249d405a8,B-WLD_USDT-1791606900000-1,B-WLD_USDT,LONG,2026-10-10T04:41:48.559861+00:00,2026-10-10T04:45:02.352129+00:00,0.5302060200000001,0.53559286,0.5275549899,0.5355080802000001,37173.60025092225,9.854833319056247,9.954957437444083,19.80979075650033,200.24823677567403,180.4384460191737,TAKE_PROFIT,193.792253,0.5331,0.5219,0.005458217920648963,0.015665646346301434,1.0916435841297925,3.133129269260287,TW_FILTERED_PLUS_AI,92.0
edf00dca273f45609c3ebcb171d00ddd,B-CAP_USDT-1791666600000-1,B-CAP_USDT,LONG,2026-10-10T21:17:35.131665+00:00,2026-10-10T21:21:20.240011+00:00,0.09158831399999999,0.09110177600000001,0.09113037243,0.09250419714,215592.50809351428,9.872877163658163,9.820430189806762,19.693307353464924,-104.89394770279812,-124.58725505626303,STOP_LOSS,225.108333,0.09221,0.0896,0.006787831032679674,0.02170925430508516,1.3575662065359348,4.341850861017032,TW_FILTERED_PLUS_AI,68.0
